web-scraper-order,web-scraper-start-url,name,tele_n,tel
1574137684-442,http://www.dianping.com/shop/129773990,老鳳祥  手机买单 积分抵现,,null
1574137725-459,http://www.dianping.com/shop/131964298,老凤祥,null,null
1574137743-467,http://www.dianping.com/shop/98151820,老凤祥(万达广场店),null,null
1574137447-320,http://www.dianping.com/shop/102489781,老凤祥(青春万达广场店),null,010--69624408
1574137581-385,http://www.dianping.com/shop/105256274,老凤祥(家和新天地店),null,null
1574137428-310,http://www.dianping.com/shop/70107226,老凤祥(平谷华联店),null,010--56866653
1574137643-422,http://www.dianping.com/shop/19132091,老凤祥(东方新天地店),null,null
1574137559-374,http://www.dianping.com/shop/108841363,老凤祥黄金回收典当  手机买单 积分抵现,,null
1574137537-366,http://www.dianping.com/shop/24842137,老凤祥(国泰百货店),null,null
1574137746-468,http://www.dianping.com/shop/92792589,老凤祥(亿潼隆万丰店),null,null
1574137734-464,http://www.dianping.com/shop/128975221,老凤祥,null,13241977578
1574137431-311,http://www.dianping.com/shop/69542973,老凤祥,null,4000908610-272761
1574137837-511,http://www.dianping.com/shop/99959804,老凤祥银楼,null,null
1574137497-348,http://www.dianping.com/shop/38766109,老凤祥(易事达购物广场店),null,null
1574137506-352,http://www.dianping.com/shop/95934395,老凤祥(华润五彩城店),null,13801261713
1574137847-515,http://www.dianping.com/shop/103177114,老凤祥银楼,null,null
1574137534-365,http://www.dianping.com/shop/20934315,老凤祥(万达广场店),null,null
1574137834-510,http://www.dianping.com/shop/684546448,老凤祥,null,null
1574137609-396,http://www.dianping.com/shop/76713503,老凤祥(华联百货店),null,null
1574137659-430,http://www.dianping.com/shop/92655152,老凤祥(赛特购物中心店),null,null
1574137762-476,http://www.dianping.com/shop/65688787,老凤祥(住总万科广场店),null,15150589215
1574137672-436,http://www.dianping.com/shop/93958672,老凤祥(君太百货店),null,null
1574137750-469,http://www.dianping.com/shop/16826606,老凤祥(亿潼隆丰益购物店),null,010--63857579
1574137812-500,http://www.dianping.com/shop/1633458834,老鳳祥金店,null,null
1574137787-489,http://www.dianping.com/shop/95038092,老凤祥(百联清城购物中心店),null,18513761315
1574137509-354,http://www.dianping.com/shop/40144710,老凤祥(圣熙8号购物中心店),null,null
1574137650-426,http://www.dianping.com/shop/93654327,老凤祥(东华金街购物中心店),null,null
1574137587-387,http://www.dianping.com/shop/131051607,老凤祥,null,null
1574137709-452,http://www.dianping.com/shop/103226156,老凤祥银楼,null,010--61807038
1574137706-450,http://www.dianping.com/shop/9949365,老凤祥(久隆百货店),null,010--64349788
1574137593-390,http://www.dianping.com/shop/125049438,老凤祥(新世界百货店),null,null
1574137575-382,http://www.dianping.com/shop/120091598,老凤祥首饰回收典当(青年路店),null,15611626601
1574137665-433,http://www.dianping.com/shop/3166987,老凤祥(西单商场店),null,010--66563132
1574137753-470,http://www.dianping.com/shop/23746342,老凤祥(华联店),null,010--58310780
1574137590-389,http://www.dianping.com/shop/50544526,老凤祥银楼(方恒购物中心店),null,010--59203636
1574137515-357,http://www.dianping.com/shop/14159146,老凤祥(鑫百旺专卖店),null,010--62898106
1574137512-355,http://www.dianping.com/shop/58488044,老凤祥(北京华联农大南路店),null,13511020912
1574137809-498,http://www.dianping.com/shop/83557261,老凤祥,null,010--81368131
1574137675-437,http://www.dianping.com/shop/4548258,老凤祥(北京城乡贸易中心店),null,null
1574137603-394,http://www.dianping.com/shop/1811729370,老凤祥,null,010--84430063
1574137818-503,http://www.dianping.com/shop/58385868,老凤祥(东城万达店),null,4006285885
1574137696-446,http://www.dianping.com/shop/76884157,老凤祥(当代商城店),null,null
1574137628-408,http://www.dianping.com/shop/17867850,老凤祥(世纪金源购物中心店),null,010--88875067
1574137831-508,http://www.dianping.com/shop/127050829,老凤祥,null,null
1574137872-529,http://www.dianping.com/shop/111552174,老凤祥(汉邦66广场店),null,null
1574137453-325,http://www.dianping.com/shop/130231101,老凤祥(鑫海韵通百货店),null,null
1574137690-444,http://www.dianping.com/shop/613540930,老凤祥,null,null
1574137815-501,http://www.dianping.com/shop/130786374,老凤祥银楼(茶山专卖店),null,null
1574137440-316,http://www.dianping.com/shop/102549805,老凤祥,null,010--69624408
1574137640-419,http://www.dianping.com/shop/23446847,老凤祥银楼(三友商场店),null,010--65123811
1574137450-322,http://www.dianping.com/shop/20852451,老凤祥(国泰青春馆店),null,010--60406210
1574137547-369,http://www.dianping.com/shop/8965510,老凤祥(贵友大厦店),null,null
1574137556-373,http://www.dianping.com/shop/22184986,老凤祥(长楹天街购物中心店),null,010--56857398
1574137803-496,http://www.dianping.com/shop/4119082,老凤祥(华冠购物中心店),null,4000908610-297772
1574137678-439,http://www.dianping.com/shop/95038798,老凤祥(翠微百货店),null,null
1574137756-472,http://www.dianping.com/shop/92540682,老凤祥(万达广场店),null,null
1574137790-491,http://www.dianping.com/shop/83400161,老凤祥银楼(火神庙商业中心店),null,010--69299999
1574137712-453,http://www.dianping.com/shop/48787247,老凤祥,null,010--67329371
1574137856-521,http://www.dianping.com/shop/101740911,老凤祥,null,0769--82871757
1574137737-465,http://www.dianping.com/shop/5573052,老凤祥(银泰百货大红门店),null,null
1574137597-391,http://www.dianping.com/shop/4228071,老凤祥餐厅  手机买单 积分抵现,,null
1574137721-456,http://www.dianping.com/shop/93329804,老凤祥(方庄购物中心店),null,null
1574137443-318,http://www.dianping.com/shop/56634705,老凤祥(新悦百货店),null,null
1574137572-381,http://www.dianping.com/shop/77239965,老凤祥(朝阳大悦城店),null,null
1574137662-431,http://www.dianping.com/shop/6175755,老凤祥(甘家口百货店),null,null
1574137718-455,http://www.dianping.com/shop/5629430,老凤祥(时代Life店),null,null
1574137484-342,http://www.dianping.com/shop/69431598,老凤祥银楼(华联商厦店),null,010--57536603
1574137765-477,http://www.dianping.com/shop/82720819,老凤祥银楼(万源广场店),null,null
1574137631-411,http://www.dianping.com/shop/4076161,老凤祥(金四季店),null,null
1574137875-534,http://www.dianping.com/shop/122261576,老凤祥东莞珠宝首饰有限公司,null,null
1574137768-478,http://www.dianping.com/shop/92566843,老凤祥(鸿坤购物中心店),null,18311201848
1574137478-339,http://www.dianping.com/shop/56632498,老凤祥(华联天通苑店),null,15828525585
1574137522-359,http://www.dianping.com/shop/83224049,老凤祥银楼,null,null
1574137578-383,http://www.dianping.com/shop/98492638,老凤祥,null,null
1574137475-338,http://www.dianping.com/shop/59139875,老凤祥(天通苑国泰店),null,010--80119417
1574137568-379,http://www.dianping.com/shop/104867888,老凤祥(天兰店),null,null
1574137531-363,http://www.dianping.com/shop/124946676,老凤祥(通州西门专卖店),null,13810613988
1574137584-386,http://www.dianping.com/shop/23882687,老凤祥(城乡世纪广场店),null,null
1574137615-398,http://www.dianping.com/shop/123538952,老凤祥,null,15930089331
1574137481-340,http://www.dianping.com/shop/76713506,老凤祥(北京华联店),null,18210141616
1574137462-332,http://www.dianping.com/shop/49559078,老凤祥(国泰机场店),null,null
1574137859-522,http://www.dianping.com/shop/48363926,老凤祥(百花时代广场店),null,0769--82871757
1574137878-538,http://www.dianping.com/shop/76755390,老凤祥(虎门万达店),null,0769--88022671
1574137465-333,http://www.dianping.com/shop/130487232,老凤祥(国泰百货店),null,null
1574137459-330,http://www.dianping.com/shop/92794665,老凤祥(九重汇店),null,18813153803
1574137500-349,http://www.dianping.com/shop/5258032,老凤祥(望京华彩商业中心店),null,010--59780368
1574137853-519,http://www.dianping.com/shop/126449066,老凤祥(凤岗专卖店),null,null
1574137703-449,http://www.dianping.com/shop/24845322,老凤祥(万达百货店),null,null
1574137503-351,http://www.dianping.com/shop/103073258,老凤祥,null,null
1574137553-372,http://www.dianping.com/shop/1074736693,老凤祥  手机买单 积分抵现,,null
1574137687-443,http://www.dianping.com/shop/94044595,老凤祥(西点mall店),null,010--57536603
1574137778-482,http://www.dianping.com/shop/74666912,老凤祥(恒源商厦店),null,null
1574137525-360,http://www.dianping.com/shop/26205843,老凤祥(活力东方购物广场店),null,null
1574137468-335,http://www.dianping.com/shop/103031783,老凤祥,null,null
1574137487-344,http://www.dianping.com/shop/17202103,老凤祥(龙旗购物中心店),null,010--82540661
1574137634-413,http://www.dianping.com/shop/24841279,老凤祥(蓝岛大厦朝阳店),null,null
1574137456-327,http://www.dianping.com/shop/26222471,老凤祥(新世界百货店),null,010--60406210
1574137825-506,http://www.dianping.com/shop/127542054,老凤祥,null,0769--22176676
1574137843-514,http://www.dianping.com/shop/125860865,老凤祥银楼,null,null
1574137565-377,http://www.dianping.com/shop/57866829,老凤祥(国泰百货双桥店),null,null
1574137759-474,http://www.dianping.com/shop/50668829,老凤祥(资和信百货店),null,010--83208888
1574137862-523,http://www.dianping.com/shop/109024550,老凤祥,null,13632716108
1574137518-358,http://www.dianping.com/shop/93329622,老凤祥(中发百旺商城店),null,010--62898106
1574137806-497,http://www.dianping.com/shop/21882803,老凤祥(国泰百货店),null,010--80119417
1574137653-427,http://www.dianping.com/shop/131601913,老鳳祥  手机买单 积分抵现,,null
1574137772-479,http://www.dianping.com/shop/59158938,老凤祥(绿地缤纷城店),null,010--80256195
1574137693-445,http://www.dianping.com/shop/93330212,老凤祥(国泰百货门头沟店),null,null
1574137731-462,http://www.dianping.com/shop/131653663,老鳳祥  手机买单 积分抵现,,null
1574137728-460,http://www.dianping.com/shop/49896421,老凤祥银楼(北京木樨园专卖店),null,010--67356835
1574137881-542,http://www.dianping.com/shop/111038530,老凤祥(万达店),null,0769--81606826
1574137865-525,http://www.dianping.com/shop/125972326,老凤祥(厚街万达店),null,4000908610-299908
1574137543-368,http://www.dianping.com/shop/92178681,老鳯祥金店,null,null
1574137740-466,http://www.dianping.com/shop/125139523,老凤祥(世界之花假日广场店),null,18612661335
1574137622-403,http://www.dianping.com/shop/43618864,老凤祥(德外工美店),null,010--57210358
1574137797-493,http://www.dianping.com/shop/129073215,老凤祥,null,010--56817338
1574137781-484,http://www.dianping.com/shop/98713602,老凤祥(京投港店),null,010--60349822
1574137550-371,http://www.dianping.com/shop/19609285,老凤祥(京通罗斯福广场店),null,010--80556705
1574137840-513,http://www.dianping.com/shop/1278240434,老凤祥,null,null
1574137612-397,http://www.dianping.com/shop/123216998,老凤祥(当代商城店),null,null
1574137700-448,http://www.dianping.com/shop/22144350,老凤祥(喜隆多购物中心店),null,010--68800681
1574137528-361,http://www.dianping.com/shop/74884827,老凤祥银楼通州专卖(人民购物中心店),null,010--80888336
1574137850-517,http://www.dianping.com/shop/108569596,老凤祥银楼塘新街专卖店(塘新街专卖店),null,null
1574137434-313,http://www.dianping.com/shop/107211158,老凤祥(鑫海韵通百货密云店),null,null
1574137606-395,http://www.dianping.com/shop/3328237,老凤祥(久隆百货店),null,010--64349788
1574137637-416,http://www.dianping.com/shop/5241101,老凤祥(贵友大厦店),null,null
1574137784-486,http://www.dianping.com/shop/21882704,老凤祥(绿地缤纷城店),null,010--53240099
1574137646-424,http://www.dianping.com/shop/76690547,老凤祥(北京市百货大楼店),null,null
1574137600-392,http://www.dianping.com/shop/58553872,老凤祥(BHG百货望京店),null,18801076735
1574137775-480,http://www.dianping.com/shop/8961172,老凤祥(大兴华堂店),null,010--80256195
1574137715-454,http://www.dianping.com/shop/23430253,老凤祥(新业广场店),null,010--67662764
1574137540-367,http://www.dianping.com/shop/11238224,老凤祥(北京华联天时名苑店),null,null
1574137490-346,http://www.dianping.com/shop/132830427,老凤祥银楼,null,010--59358929
1574137625-406,http://www.dianping.com/shop/24273188,老凤祥(新华百货店),null,null
1574137868-527,http://www.dianping.com/shop/99581341,老凤祥银楼,null,null
1574137437-314,http://www.dianping.com/shop/102268404,老凤祥(万象汇店),null,null
1574137493-347,http://www.dianping.com/shop/102296658,老凤祥(翠微百货店),null,null
1574137828-507,http://www.dianping.com/shop/90276288,老凤祥(海雅百货店),null,0769--22242659
1574137793-492,http://www.dianping.com/shop/67332326,老凤祥(龙湖大兴天街店),null,null
1574137822-505,http://www.dianping.com/shop/128671688,老凤祥(海雅百货店),null,0769--83066221
1574137668-434,http://www.dianping.com/shop/76692078,老凤祥(汉光百货店),null,010--66563132
1574137472-336,http://www.dianping.com/shop/103467316,老凤祥,null,null
1574137656-429,http://www.dianping.com/shop/131491528,老凤祥,null,010--59037292
1574137618-401,http://www.dianping.com/shop/4207588,老凤祥(华宇时尚购物中心店),null,010--51727030
1574137681-441,http://www.dianping.com/shop/114857721,老凤祥(天虹百货店),null,18301210593
1574137800-494,http://www.dianping.com/shop/127429164,老凤祥珠宝(龙湖房山天街店),null,010--56860252
1574137562-376,http://www.dianping.com/shop/125360857,老凤祥  手机买单 积分抵现,,null
