web-scraper-order,web-scraper-start-url,telephone,name
1574138418-682,https://www.amap.com/place/B0FFJPZCFU,null,null
1574138332-672,https://www.amap.com/place/B0FFIPHA7Z,null,null
1574137966-577,https://www.amap.com/place/B000A879Z3,010-80888336  13810613988,老凤祥银楼(通州专卖店)
1574138093-640,https://www.amap.com/place/B0FFJKC1EK,null,null
1574137939-560,https://www.amap.com/place/B0FFHUI99D,null,null
1574138463-691,https://www.amap.com/place/B0FFFOB4TQ,18513761315,老凤祥(百联清城购物中心店)
1574137964-575,https://www.amap.com/place/B0FFHI084P,null,老凤祥(活力东方购物广场店)
1574138466-692,https://www.amap.com/place/B0FFHD662N,18311122080,老凤祥(北京龙湖大兴天街)
1574138527-712,https://www.amap.com/place/B0FFHS866R,0769-81211337,老凤祥银楼(康乐南路店)
1574138459-689,https://www.amap.com/place/B0FFFRIMPR,null,老凤祥(绿地缤纷城)
1574138536-715,https://www.amap.com/place/B0FFJCN4HF,null,老凤祥(万达广场)
1574137865-524,https://www.amap.com/place/B0FFH2V4MX,null,老凤祥(BHG Mall北京华联平谷购物中心店)
1574138127-644,https://www.amap.com/place/B000A83TJB,null,null
1574137890-548,https://www.amap.com/place/B0FFGI449C,null,null
1574138036-629,https://www.amap.com/place/B0FFKH0C1Y,null,null
1574138034-627,https://www.amap.com/place/B0FFJCW7TI,null,null
1574138513-707,https://www.amap.com/place/B03018MZFO,0769-82608211,老凤祥银楼(常平店)
1574138229-660,https://www.amap.com/place/B0FFH13SJD,null,null
1574138234-661,https://www.amap.com/place/B0FFG8GUHL,null,null
1574137996-603,https://www.amap.com/place/B0FFHOJIXJ,null,null
1574138425-683,https://www.amap.com/place/B0FFG7KP9R,null,null
1574138482-697,https://www.amap.com/place/B0FFKM27E9,null,老凤祥银楼茶山专卖店
1574138083-638,https://www.amap.com/place/B000AA0J49,null,null
1574138206-658,https://www.amap.com/place/B0FFFRY5TF,null,null
1574138000-607,https://www.amap.com/place/B0FFG8E2NF,null,null
1574138504-704,https://www.amap.com/place/B0FFH9TPBL,null,老凤祥银楼(盈锋购物广场东)
1574138032-625,https://www.amap.com/place/B0FFJJ88WO,null,null
1574138530-713,https://www.amap.com/place/B0FFIC5ZGV,0769-82582683,老凤祥(东莞)珠宝镶嵌首饰有限公司
1574137949-564,https://www.amap.com/place/B0FFF5TKR6,010-82737204,老凤祥(圣熙8号购物中心)
1574138382-679,https://www.amap.com/place/B0FFGZLLM0,null,null
1574137977-587,https://www.amap.com/place/B0FFIR59TZ,null,通州老凤祥(北京华联天时名苑购物中心)
1574138154-648,https://www.amap.com/place/B0FFKB03C4,null,null
1574137898-552,https://www.amap.com/place/B0FFF3DFCC,null,null
1574138501-703,https://www.amap.com/place/B0FFJAU3UV,null,老凤祥银楼清溪专卖店
1574137992-599,https://www.amap.com/place/B0FFJ33D91,null,null
1574137907-556,https://www.amap.com/place/B000AAA69D,null,null
1574137986-594,https://www.amap.com/place/B0FFF5LOML,null,老凤祥(贵友百货通州店)
1574138165-651,https://www.amap.com/place/B0FFHZRX34,null,null
1574138538-716,https://www.amap.com/place/B0FFIMU6CJ,null,老凤祥银楼
1574138038-631,https://www.amap.com/place/B0FFF36T00,null,null
1574138499-702,https://www.amap.com/place/B0FFHI9BMS,null,老凤祥银楼(樟木头店)
1574138519-709,https://www.amap.com/place/B0FFIQC5QL,null,老凤祥
1574138089-639,https://www.amap.com/place/B0FFFZF5S1,null,null
1574138375-678,https://www.amap.com/place/B0FFHU6BFD,null,null
1574138133-646,https://www.amap.com/place/B0FFIBOESE,null,null
1574137896-551,https://www.amap.com/place/B0FFG8F3JR,null,null
1574138444-685,https://www.amap.com/place/B0FFJXFOZR,null,null
1574138018-614,https://www.amap.com/place/B0FFF3KTRR,null,老凤祥(新世界百货)
1574137874-532,https://www.amap.com/place/B0FFIPPS03,null,null
1574137900-553,https://www.amap.com/place/B0FFFNXBVD,null,null
1574138490-699,https://www.amap.com/place/B0FFK67EFE,null,老凤祥
1574138174-653,https://www.amap.com/place/B0FFK9BY4F,null,null
1574138005-608,https://www.amap.com/place/B0FFHJDOW2,null,null
1574138244-662,https://www.amap.com/place/B0FFFEO72T,null,null
1574137960-573,https://www.amap.com/place/B0FFG8GD2W,null,老凤祥(中踏广场)
1574137884-545,https://www.amap.com/place/B0FFHP4X27,null,null
1574138401-681,https://www.amap.com/place/B0FFHQOY1O,null,null
1574138061-635,https://www.amap.com/place/B0FFFFXS5V,null,null
1574137984-592,https://www.amap.com/place/B0FFFRR9QH,010-80556705,老凤祥(京通罗斯福广场)
1574137953-568,https://www.amap.com/place/B0FFHHZTU4,null,null
1574137886-546,https://www.amap.com/place/B0FFFOFZAC,null,null
1574137951-566,https://www.amap.com/place/B0FFF633GZ,null,null
1574138366-676,https://www.amap.com/place/B0FFHW7WX3,null,null
1574138027-621,https://www.amap.com/place/B0FFGBOAL0,null,老凤祥(五道口购物中心)
1574138184-654,https://www.amap.com/place/B0FFI0NHNO,null,null
1574138521-710,https://www.amap.com/place/B0FFGBTZD5,null,老凤祥(万达广场)
1574137876-535,https://www.amap.com/place/B0FFI4HKQF,null,null
1574137894-550,https://www.amap.com/place/B0FFGOLZ2J,null,null
1574137872-531,https://www.amap.com/place/B0FFG8G5PR,null,老凤祥(新悦百货店)
1574138516-708,https://www.amap.com/place/B0FFL8F8X9,null,老凤祥(时代城店)
1574138478-696,https://www.amap.com/place/B0FFF4NCQH,010-80119417,老凤祥(国泰百货良乡店)
1574138285-667,https://www.amap.com/place/B000ABBY9O,null,null
1574137998-605,https://www.amap.com/place/B0FFIOW27E,null,null
1574137974-584,https://www.amap.com/place/B0FFFG0440,null,老凤祥银楼(通州万达广场店)
1574137917-557,https://www.amap.com/place/B0FFKLPGD2,null,null
1574138524-711,https://www.amap.com/place/B0FFHFBMQW,null,老凤祥银楼
1574137933-559,https://www.amap.com/place/B0FFHW0CSR,null,null
1574138057-634,https://www.amap.com/place/B000AAA6SF,null,null
1574137994-601,https://www.amap.com/place/B0FFG8N014,null,null
1574138150-647,https://www.amap.com/place/B0FFFEO72S,null,null
1574138162-650,https://www.amap.com/place/B000AA9Z02,null,null
1574137882-543,https://www.amap.com/place/B0FFF3KTRQ,null,null
1574138295-669,https://www.amap.com/place/B0FFKPHVZG,null,null
1574138496-701,https://www.amap.com/place/B0FFHW5SO9,null,老凤祥(海雅百货店)
1574137888-547,https://www.amap.com/place/B000AAA35I,null,null
1574137892-549,https://www.amap.com/place/B0FFF3KTRP,null,null
1574137867-526,https://www.amap.com/place/B0FFHD4ODC,null,老凤祥
1574138192-655,https://www.amap.com/place/B000A9PPZT,null,null
1574138021-617,https://www.amap.com/place/B0FFL02O6G,010-84430063,老凤祥
1574138475-695,https://www.amap.com/place/B0FFHLQU5O,null,老凤祥(华冠购物中心)
1574137905-555,https://www.amap.com/place/B0FFHCSDEL,null,null
1574138024-619,https://www.amap.com/place/B000AAAAWA,010-64356726  010-64356705,老凤祥(久隆百货酒仙桥店)
1574138030-624,https://www.amap.com/place/B0FFL2M5DT,null,老凤祥银楼(翠微百货店)
1574138510-706,https://www.amap.com/place/B0FFFE8QYB,0769-82871757,老凤祥银楼(红荔路店)
1574138321-671,https://www.amap.com/place/B0FFK7V5FL,null,null
1574138112-643,https://www.amap.com/place/B0FFI6OFM9,null,null
1574138014-610,https://www.amap.com/place/B0FFF6XIQQ,18801076735,老凤祥(凯德MALL.望京)
1574138493-700,https://www.amap.com/place/B0FFKWKT5N,0769-28330714  19928192405,老凤祥银楼(莱蒙店)
1574138350-674,https://www.amap.com/place/B0FFH1YGVT,null,null
1574137968-579,https://www.amap.com/place/B0FFK6B2SN,null,老凤祥银楼通州西门专卖店
1574138103-641,https://www.amap.com/place/B0FFKTDIQT,null,null
1574138487-698,https://www.amap.com/place/B0FFH8WC3A,0769-26623583,老凤祥(万达广场)
1574137981-589,https://www.amap.com/place/B0FFF3J4FV,null,老凤祥(BHG Mall北京华联天时名苑购物中心)
1574137878-539,https://www.amap.com/place/B0FFI1D3VQ,null,null
1574137880-540,https://www.amap.com/place/B0FFHPUTY0,null,null
1574138357-675,https://www.amap.com/place/B0FFJKRJ0J,null,null
1574138281-666,https://www.amap.com/place/B0FFHWFTYI,null,null
1574137869-528,https://www.amap.com/place/B0FFIYVJ7F,null,老凤祥(万象汇店)
1574137971-582,https://www.amap.com/place/B0FFJDWK7M,null,老凤祥(万达广场通州店)
1574137902-554,https://www.amap.com/place/B0FFHF09CS,null,null
1574138263-665,https://www.amap.com/place/B0FFIXPKGG,null,null
1574138533-714,https://www.amap.com/place/B0FFHMLK41,null,老凤祥(万达广场)
1574138041-633,https://www.amap.com/place/B0FFIYVI2D,null,null
1574138507-705,https://www.amap.com/place/B0FFIMZJDZ,null,老凤祥银楼(塘新街专卖店)
1574138011-609,https://www.amap.com/place/B0FFK430KL,null,老凤祥(马驹桥店)
1574137990-597,https://www.amap.com/place/B0FFFR4I8W,null,老凤祥(龙湖长楹天街购物中心西区)
1574138472-694,https://www.amap.com/place/B0FFJMELQ1,010-56860252,老凤祥珠宝(龙湖房山天街店)
1574137947-562,https://www.amap.com/place/B0FFJBC0GP,null,老凤祥(华润·五彩城西区)(装修中)
1574138196-657,https://www.amap.com/place/B0FFFPGYEJ,null,null
1574138469-693,https://www.amap.com/place/B0FFKYLPFG,null,老凤祥银楼
1574138016-612,https://www.amap.com/place/B0FFH06QEH,null,老凤祥银楼(方恒购物中心)
